,mean_r,mean_g,mean_b,stddev_r,stddev_g,stddev_b,contrast,correlation,inverse_difference_moments,entropy
0,22.054546484375,22.981420703125,8.888130859375,47.24372041680939,49.063646432914936,24.50229842021975,5.72683374666722,0.9990740134195998,0.873604609764696,2.4255566307734266
1,13.787383535879629,15.80065357349537,6.862665292245371,45.718242261270845,51.14861508975626,24.78815656027357,12.847651941284413,0.9922639120302262,0.9314420387256732,1.4875970277621955
2,10.569113136574074,11.826785300925925,5.232757884837963,33.90350944497776,37.08911923684961,20.1475627682423,11.36438653532325,0.9972225264581053,0.9321942624618405,1.5633553720255398
3,10.3070796875,11.2620953125,3.77188359375,32.32970889237212,34.55159089522384,19.558942478415073,20.671342510132774,0.9959959129573646,0.9061570034699675,1.770618258050877
4,11.133448828125,12.748890625,3.37955234375,30.61855446846563,33.724154993406245,19.984904815562757,14.40631859646096,0.9982101454694976,0.8837191769832875,2.1426710645678573
5,24.70868203125,26.154559765625,8.863601953125,53.02335384140729,55.309833868914986,36.35680214718676,2.101471099285787,0.9996972949635379,0.9104061948674841,2.767980515881128
6,44.611240625,46.359728515625,18.585848046875,62.48627502843805,64.37532213879142,30.63441633992474,3.234050225934185,0.9996098637196316,0.8708214456802017,3.7998761430139516
7,35.5017171875,36.378778515625,18.614903125,63.099917128174695,64.2854380857981,35.95452792795179,3.2451717818599293,0.9993966941538849,0.8907080256385449,2.9947480991930395
8,28.078808203125,30.372409765625,4.019880078125,51.97362362717262,55.4883668166769,22.006035955036715,2.6734224182875397,0.9996594288787356,0.911645382476884,2.8133792979018697
9,16.74979765625,17.490813671875,4.5452015625,42.44829247382558,43.8498828300045,19.779645348185483,3.339461238501745,0.9993721054524864,0.9489336471560684,1.7239872192756425
10,21.335896875,22.15226015625,4.17632578125,47.18736484095212,48.462016074458326,19.851720481959887,3.4462685364078984,0.9994529402907516,0.9219214551720929,2.1854324907320075
11,12.52631484375,13.3934390625,7.29185859375,36.077273389008326,37.91322069358325,26.19565423104574,6.247887879045436,0.998841952229359,0.9389919150875227,1.7320529882356857
12,9.417446484375,10.30495234375,3.883194921875,31.663504730084107,33.900561944631406,20.76160234578125,7.3038119721553425,0.998354852129567,0.9492553899597915,1.3779077319510606
13,11.81537181712963,12.103453776041667,7.051847873263889,43.263971751321385,43.467721851524225,35.38902995781786,13.67559295380364,0.9966124283443971,0.9351121269306488,1.5324473121533444
14,22.676623046875,23.661118359375,13.060465234375,52.07463237615615,53.207210664115095,40.207034062413236,4.422385048433081,0.9992578893603232,0.914916045927814,2.4248475753584424
15,22.518593359375,28.1817640625,3.266566796875,35.48193284184552,42.65254632398086,18.954476516997996,7.02941038681002,0.9995381168393458,0.8699257092750913,3.6617374123629034
16,9.814473046875,11.053423828125,2.753131640625,30.130785136680206,33.28118281971005,15.729392550175445,6.9674036829249735,0.9986904281739681,0.9526101562080048,1.4430214596354787
17,11.348108984375,12.79948359375,5.377633203125,33.94494079655864,37.68780705988776,20.923662437645152,5.664733089561919,0.9987544344870745,0.9464859516779587,1.4890488932304566
18,20.376440625,22.73788046875,9.158067578125,47.43703172811929,51.171207339077306,35.0093408544437,5.837444254497612,0.9990773019490437,0.9076846688864103,2.4269843458634868
19,47.8717921875,57.754433984375,30.763858203125,55.15338760510829,65.29657898703496,37.27690249091781,4.29602693487878,0.9995654570553216,0.7840934326459078,4.863725494803953
20,30.570982421875,38.460344140625,17.544475390625,41.708054637588106,50.788134603225174,26.412009742887392,6.2836300709607436,0.9995235067908006,0.8234363461385201,4.086287467377399
21,32.695579296875,40.5947375,19.28877890625,45.44592160938244,53.24612986781146,32.85490932721555,6.787143213152391,0.9995017341289023,0.8066206003061924,4.38308895156964
22,10.109008984375,11.16223828125,3.485523046875,32.073323323198835,34.686538295084276,19.67081371709946,7.65738731487609,0.9984351986479172,0.9458785128305887,1.462287788291232
23,68.49881875,75.88453854166667,53.1779140625,89.01007472624275,97.07672248721605,70.95520625001528,11.078775764610757,0.9966511845819985,0.7331197716785425,5.278508952935482
24,7.073396990740741,8.601491608796296,3.002318793402778,23.73427093745826,27.334403316893763,15.566370931714616,10.36337599459067,0.9983756538616702,0.9381185465977775,1.4968088492038611
25,28.48227109375,32.4011546875,12.631319140625,52.11880930472349,56.70180307355046,38.83427585348484,3.7795938041814745,0.9996312522568721,0.8663100961878627,3.4417761301089866
26,10.535086082175926,12.373744936342593,3.8412977430555557,29.74355543890799,33.58584633631395,17.809177531104055,7.1756624797964275,0.999023602609007,0.9272705916303875,1.910641856454315
27,7.858386863425926,9.662077907986111,4.791094111689815,27.739620910532636,32.10133244879181,20.009547205052932,8.662426413218473,0.9980929845321286,0.9465264097558418,1.3607853272083026
28,8.228929759837962,10.668695023148148,5.310810546875,29.315033348319634,35.09700445858614,21.24756946274576,10.856497996715705,0.997415634296646,0.9383313652576386,1.4386509212682896
29,6.228151041666667,7.102496744791667,2.8910087528935184,25.10084814214842,27.487454032393252,18.253600110316224,13.499200373800168,0.9970446967591083,0.9410066842886138,1.3112313134097724
30,5.659180772569444,7.997990813078704,2.5235984519675925,21.419155410145358,26.829320404938127,15.734183691219478,24.83342500789974,0.9961267016462151,0.9261689395326331,1.601647255435772
31,8.00970775462963,8.673050853587963,4.929807942708333,29.699060075346438,30.93650330211536,21.555322552731425,9.537188859482942,0.9976577186354294,0.9411686558026588,1.3370507556277602
32,8.360538917824075,7.512198712384259,4.035556278935185,35.92169692956955,33.12074061197348,26.183417739336516,7.199146969906542,0.9980744628314085,0.9545447107287246,1.1839542351213785
33,7.286996889467592,8.787526765046296,4.52198169849537,27.03463035573448,31.264942778386317,19.111177963216633,6.727739134004468,0.9981684952776765,0.9592688808659212,1.15357117859126
34,6.032975260416666,7.721722366898148,3.0027097800925926,22.826378687019535,26.837710417392238,16.384246374493426,16.048030415620318,0.9972267683552568,0.9352103807290802,1.4862926106345988
35,6.325696614583333,7.0623607494212965,3.2853855613425926,27.619915913133802,29.210177868822548,20.959365785683733,11.672756124731016,0.9968851600204734,0.9521966602569986,1.1527154776180581
36,9.278367515939431,10.853944075014944,4.955820071229328,33.41703067246255,38.31721062878929,20.374728539655614,9.176430045143182,0.9964629332294516,0.946501936877371,1.2468287406420158
37,9.136887576552931,9.465228906933508,6.42889018755468,38.90656923276808,39.017754653741356,33.814208156405925,8.223254858839447,0.9975271203072252,0.9507571675718943,1.2177072979649208
38,10.939993851273147,13.722431640625,6.08531394675926,41.832476394982486,45.30978023132367,34.35063882402264,11.454920409578381,0.9978479024932358,0.935591020625787,1.6416787132369217
39,4.934820963541667,7.103160445601852,2.855095847800926,20.75481571392011,25.624676028214196,16.097266088229496,19.06341300101561,0.9966436604335904,0.9362307858259011,1.419564954729977
40,8.142612123842593,9.804254195601851,3.709105541087963,30.76180143776506,34.217239136494385,22.644847408135316,12.527737144145393,0.9974513627504664,0.9327763867637808,1.516849717282425
41,8.900113570601851,10.726070601851852,5.553296802662037,31.552021779934375,36.914381820983245,22.385454220032454,8.72628402201665,0.9973583673037324,0.9428384486144334,1.3421369372502876
42,5.9419581886574075,8.77329933449074,1.8762080439814814,23.68423476986849,30.50764948060413,15.756557678273342,10.749032593449908,0.9978158452345283,0.9469181405032676,1.332134716257511
43,9.432547743055556,10.761993272569445,5.487138671875,32.656948527737015,36.22116081644636,22.179444519872025,9.276581063363093,0.9974326020272627,0.9432958365072613,1.3978700323668358
44,8.937920283564814,12.278853443287037,3.497830222800926,27.05233817186281,33.56093035744687,17.204513033781772,20.727972134115294,0.9972241906259486,0.9021246733486609,2.0437028478688193
45,8.97712890625,10.755012297453703,5.117836371527778,32.03947164002705,37.070991818940485,20.857942441246916,11.976375760867345,0.9960591114661211,0.9411116970688175,1.3304301745458127
46,8.142876920704351,8.071274955136833,4.334060957828623,35.61934463710987,35.47894458675788,27.94776682428589,9.261558094984863,0.9974815759316589,0.953719503619556,1.1914018052331208
47,8.302947522271715,9.247634790274684,4.614324656644395,29.922332849035932,32.57785371404688,19.26500654314653,18.473040935314597,0.9949263482645703,0.9355419342536174,1.3621215772280122
48,8.397194733796296,10.67390697337963,5.408301504629629,30.951376535361444,38.36459344169809,21.66451686937424,12.286957151408403,0.99490764373674,0.9483277760527538,1.200940026661929
49,9.073568066048535,10.98626015911172,4.98251237694597,32.06890633025563,37.82140623821751,20.206110598204504,11.881826972388836,0.9958201431364988,0.9408439744244866,1.2903308613694962
50,8.253688151041667,9.913391203703704,4.167679036458333,29.105092624829673,33.65641871563981,18.23451724220101,7.272277748692968,0.9980603886356545,0.9533394588538087,1.250100012604229
51,7.716823023760567,9.084965801347956,3.3879997715330137,28.368266895504807,32.25958426045442,16.635389324016963,9.590598974546985,0.99731438315531,0.9518240588245974,1.1886431620173883
52,4.78550853587963,6.729046585648148,1.8941247106481482,21.60996574660003,25.51284329379212,16.764785462327673,15.815497673537514,0.9973128402825959,0.9430438604396572,1.3669710431243494
53,8.885400390625,11.700781611689814,5.512740885416667,29.657568675354188,35.99231971181439,22.116305337957858,11.557230710921303,0.9977420639889749,0.9297776497173168,1.6370687434069875
54,4.956371889467593,6.091519097222222,2.596857638888889,23.750810205222944,26.813760659113854,18.67855904015453,7.732674075485967,0.9977573728764729,0.9588517527513495,1.0202913909428106
55,11.14298828125,12.555734953703704,5.778918909143519,36.88584330269804,38.65326390205104,29.57443188342043,10.415871751800314,0.9986114818773075,0.9140296170735944,2.0241653624429334
56,6.702105758101852,8.279093967013889,3.7190983072916666,25.482893744706022,29.993912270602188,17.91669089501025,11.790943767969686,0.9971042497200305,0.9463791108554951,1.2433575312170346
57,6.82344954835867,7.885078968385107,3.5708536434236615,28.022446587380774,30.579413567585558,21.769404564826875,8.724055514888995,0.9979307961786291,0.9524019761166236,1.2213667498453162
58,6.694177368721461,7.983307291666667,3.339528752853881,24.20517733735041,26.797765293150828,17.59561514560167,11.533529551747897,0.9982114812916905,0.9362311143587192,1.5471047581253319
59,4.12382297742493,4.911132263987902,2.119755886800605,20.80931914716936,23.319585532165668,15.325744963080801,8.460092826639949,0.9970314103757099,0.9656468086404393,0.8508031268627222
60,8.06857421875,8.460008318865741,4.535969690393519,33.16446713473855,34.10148182561098,24.11082791770068,6.748852918708375,0.9977736679747873,0.9560565579819118,1.141947484118497
61,7.847630208333333,10.239508101851852,4.439709563078703,29.913066781300785,35.898553411336145,22.50167181390872,15.625084239275157,0.9957517408485541,0.9376431956313207,1.3962398878499034
62,8.171761429398147,8.191478226273148,3.057726417824074,29.104682306372805,28.78757869290716,16.25527955487734,20.54910212692422,0.9958546381377258,0.9303023235156334,1.5192591539922033
63,7.163850911458334,7.5145055700231485,2.304865089699074,25.51517111279625,25.832102627033237,15.218707636449505,18.50553880086093,0.9970334604132475,0.9275867234495895,1.5800185574301109
64,8.702415653314258,9.715579548164044,5.057569220910825,34.782581718517434,36.152666564435634,30.571459146212767,20.41490189227598,0.9966462694919251,0.9241118664998975,1.665816989983517
65,6.010688295717593,7.0806253616898145,2.845619212962963,25.330141765662344,28.10145265907927,18.995129273154312,18.358809336101118,0.9956569417245952,0.9402698088323034,1.2781132881853419
66,13.616123046875,15.726604094328703,8.809706307870371,45.355743812385995,47.543520485023976,39.68703115573861,8.442145770956476,0.998781262103329,0.9245736307898522,1.994999381380577
67,7.470932798032408,8.883926142939815,3.7027781394675925,28.42003524815433,32.08481685367547,19.775859095347144,12.286431153230636,0.9968359921651672,0.944520967927566,1.310625490177532
68,6.716683666087963,7.695208695023148,3.595486111111111,27.235066106436243,29.242820517878407,22.136706070833426,16.233641544434306,0.996852570978757,0.9342862812127483,1.4388063905842183
69,8.828401331018519,9.509267578125,3.5913501880787035,30.527025238269804,32.44264182946153,17.847623145961688,29.802237931531234,0.9936801309782506,0.9209320830055953,1.619395677097747
70,7.046974103009259,7.656070601851852,2.670864438657407,25.791663744764456,27.548013515519866,17.796400097047837,23.801332247548842,0.9958025268790238,0.9260328220804158,1.5344820762151634
71,6.633904803240741,7.645615234375,4.384123263888889,30.269362727644204,32.709709132332634,25.413708402202282,10.64240687730433,0.9963803493299892,0.9577562713071335,1.048045467221256
72,6.744271157033354,7.899493085767557,3.1259571809612594,25.931932436708763,28.739888294432067,17.442275992650476,30.635650580295287,0.9935029789900107,0.9300007295593136,1.4627859346017058
73,6.832387152777778,7.007727141203704,3.025506365740741,26.546733988878366,26.558377001076988,17.468898156744842,13.401498875150748,0.9971595261572227,0.940967411178303,1.340269381105044
74,4.913509476273148,5.773944950810185,3.0489413339120373,22.044864313707887,23.763887670813784,17.956523322129275,10.122184590966269,0.9978077292185445,0.9573595968342604,1.112766783912739
75,8.489934172453705,9.40416015625,5.302789351851852,29.112047083602107,31.367316701568924,20.95548333981815,9.00621998899809,0.9979287354487056,0.945375983442902,1.335047368075366
76,5.483197837806836,6.361624297430604,2.6287988930947463,23.272498657671242,24.94073303006697,17.14210921951207,10.546102133039131,0.9979614509477973,0.9490816600121815,1.2776909332807125
77,6.088450520833334,6.740983434606481,3.6173741319444446,25.178308921823398,26.677742204961497,18.980502569692508,16.49659714939391,0.9960215939966305,0.9430244102537515,1.2446944774892437
78,7.682005931712963,7.728874421296296,3.6612442129629628,28.522816671735484,28.2659427324417,18.53391377823914,16.490968914204494,0.9965759841036196,0.9364786377707586,1.4384078689418844
79,11.483902633101852,12.054075159143519,7.816856553819444,43.50558389775389,43.373856329587916,37.172307672276744,14.035959504224634,0.9971821280593094,0.937509628384557,1.598336123294247
80,7.8421419270833335,8.780103804976852,3.519347511574074,28.387384026340072,30.54988662057085,17.950844209139216,18.818196232158442,0.9959437487536585,0.9341060209143631,1.490409246453564
81,30.65829474816986,35.095754924033244,14.049052716537105,48.82162116921583,53.92847134385392,32.28632711685919,97.86644437502747,0.9919039679190623,0.7253723514261379,4.896460719530337
82,5.366587818287037,6.4645015914351855,3.423021195023148,23.99307435767783,27.569092654310747,17.508860093044238,10.606557461347721,0.9960685082384244,0.9656219502456435,0.91697299213223
83,6.51664400634489,6.502102098912305,2.926420518921369,27.534530557920057,26.88179382243042,16.701923774480367,10.324986477426565,0.9967376455132604,0.9551844939719736,1.0386325862051224
84,5.681297381365741,6.319941767939815,3.0971690538194445,27.48536819096377,29.663698319908598,19.170617254411553,7.43230698720795,0.9963683927949802,0.9676972838456039,0.8337304501676853
85,7.624675925925926,8.631438440393518,4.2303273292824075,30.41109292841995,33.24846226134762,19.801118708639443,9.722440174709362,0.9962789933298637,0.9544152674668258,1.1086283497700264
86,9.247257869072646,11.319074106517169,5.029663775986919,30.417994455838443,35.54436951695198,19.70656047779806,8.410616227267433,0.9980485646231138,0.9513092001119774,1.3853690244943875
87,5.354917173032407,6.365692997685185,2.3814876302083334,24.25918042305946,26.458032529951677,16.95616616861403,15.46142685818922,0.9963243071560253,0.9473934694335464,1.2138840409083327
88,5.500904947916666,7.018234592013889,2.3767118778935186,23.96262311939342,27.989035885710233,16.609742362793945,16.01158132096562,0.9960123390462222,0.9478467210899368,1.20267977141628
89,7.692886284722222,9.32545753761574,3.810511067708333,26.67391192052446,31.11203177990733,17.048620834085757,14.606585964041411,0.996766747802176,0.9350767587688644,1.3831409119761542
90,5.865549768518519,5.855624276620371,2.113420138888889,25.472129327927814,24.4924789123524,15.112556449343524,14.03950080700747,0.9967177557613726,0.9473160714558477,1.2034930732577664
91,11.078976076748704,10.608091132340242,4.510268579987047,34.375361636914576,33.35052591856068,19.712291455887197,10.714247450112307,0.998063238002804,0.9237435438479702,1.7558641338848524
92,7.958266970890002,8.543011065378192,4.01788393283226,30.576088445464393,32.07206922027277,18.57133808368459,13.002676386859672,0.9955955817386863,0.9490281534770082,1.1769247440224433
93,5.976784281383737,6.498629933428435,2.1224924215406564,25.564068667739157,26.681846914933796,15.874408227644158,10.894086294656978,0.9972005343976974,0.9565890716054565,1.137456418719328
94,11.677047413793103,13.623574682073857,8.239675424920518,36.05878776812173,40.22498858896021,27.83974522948853,6.077668546577726,0.9986622141373428,0.9493208714604082,1.5636392686638299
95,12.567806257802747,14.408022784019975,6.915910580524344,37.76473003043252,41.47788423422229,23.09562588915332,9.440215697503033,0.9977416929877301,0.9372178854126563,1.6765581543172487
96,6.046212752946409,6.308357655103403,3.063032994218368,25.682737672268324,26.2279722649742,19.340858889779533,9.980254681149363,0.9976965132311896,0.9520241863429306,1.1977327107877616
97,5.117266710069444,6.912809244791666,2.4798600260416666,21.14241583379166,25.44765576087852,15.763919303834042,21.782739715405093,0.9961018069111136,0.9386571234053803,1.3961265686489626
98,5.99103124260705,6.864720102909865,2.6335185267329075,25.65233111310151,28.389941391006555,17.068420167457226,11.747027967737274,0.9964652946380922,0.9534409072577184,1.10064465562409
99,10.845240885416667,12.941648582175926,5.688614004629629,36.140728275718565,42.00471043638649,22.714582485968943,5.523637800389664,0.9980809081204308,0.9448340363635135,1.389896265969473
100,5.560477430555555,6.485768952546296,3.300555193865741,23.71814069639143,26.919712066396716,16.35262958483284,17.062300757173873,0.9944681889799801,0.9552180508931079,1.0148285527265963
101,5.054063585069445,6.109958043981481,3.6222475405092593,22.434571776498377,25.762329290512085,17.508809781864013,11.485530901037668,0.9962130199604361,0.9578823950428206,0.9624146815337277
102,9.3555109375,9.8622109375,3.08716484375,31.133395621274882,32.61650566075412,17.121658431538226,12.863309452050625,0.9976374730512716,0.9234744031342264,1.6763341393264084
103,13.3185125,14.06851484375,4.088305078125,35.741318873082186,37.3039231276844,18.946701381211508,10.548177321484934,0.9985195225263132,0.9049474578790412,2.1438354440155067
104,22.3528265625,23.9052125,10.560741796875,51.70706924871872,53.516862920880776,37.337935618019415,36.47030516851184,0.9949175529779138,0.8409460231886905,3.060609991737074
105,9.617551953125,10.1646546875,6.3453796875,34.20721305935805,35.76959571893965,25.70035912132771,15.017027644236874,0.9950632803052273,0.9315877985094418,1.3651356637728216
106,13.95238515625,14.856162109375,7.361553515625,40.757445428125834,43.15614856203108,24.94892344387758,24.368249393969258,0.9941686263776969,0.8991222669182032,1.9827870550121016
107,13.58305234375,14.084425,7.51401953125,37.63817840174982,39.042231478562094,24.45950368752896,12.612521294920878,0.9976570201018238,0.8972820543911968,2.004139058088434
108,16.886070703125,18.613063671875,6.6027890625,39.4557062793956,42.432638181149564,23.86010957518596,25.1526879934022,0.9970036655803641,0.8486693546018593,2.8520252550687997
109,7.270619282195637,7.723338538001407,3.4775367258972554,30.440300848923158,31.768976660860552,20.486431630649186,10.250294541179905,0.9970208414027333,0.948503485963667,1.2088997892203404
110,16.065226171875,17.55044765625,10.211744921875,48.15320688632402,50.26453655134473,42.30484159397347,12.098582263417253,0.9978664662560764,0.9033468602083757,2.0910792929758055
111,25.72581015625,24.769570703125,12.47859296875,65.83749697710898,63.00708453156095,35.11074100509001,4.198437706312497,0.9979617560678807,0.90741612154505,2.1472704259925046
112,42.58057109375,41.19529140625,24.446919140625,77.25276573033717,75.49651123676443,46.840646957769145,67.09786205569968,0.981702801281273,0.7855631188199959,3.9353235353198026
113,22.69896015625,28.71151484375,2.063821875,41.003801376899496,50.3676698659058,17.286259067523005,4.967690225378314,0.9995165054767939,0.924691975415242,2.8544023851108316
114,40.412134375,51.67433828125,5.35905625,55.58364400787737,69.16027134088574,20.825142549406134,4.927517124853967,0.9994906842983333,0.8426237002193693,4.433400751811893
115,21.635296484375,25.47058125,10.384455078125,43.97856099160776,50.76279287042724,25.188191060540234,6.970956879624673,0.999078207953596,0.876351083480174,2.8374505028336907
116,10.2378609375,10.070607421875,2.029774609375,33.00298559391123,32.69636139658885,16.823854709927907,13.69247134254631,0.9973187486244005,0.9288708706891116,1.5375597696370669
117,7.828466015625,7.64395625,2.365035546875,33.16094588445238,32.74433747618565,17.677474483863428,8.845333613664106,0.9955919075857179,0.9615078877080718,0.9261477116370864
118,6.702810546875,7.287029296875,1.274644140625,26.83680449857203,28.908269086969163,15.145785997651203,10.858552610884658,0.9966426709790256,0.9547416191706134,1.0397510067788442
119,10.97491171875,11.672143359375,3.754742578125,32.92552008582239,34.63199900301847,19.643594196013115,12.194267588311526,0.9977974647314722,0.9100742016717143,1.7550190096524863
120,69.678440625,69.2740359375,29.333474609375,76.18937679419028,72.82020109226191,45.566670014049485,12.552288709785683,0.9985585475165524,0.6845488344436789,6.360356145010613
121,27.188762932592574,28.27154455129562,9.193468292194002,49.93374788648197,50.62092242478142,25.95036770313547,17.425848413852393,0.9980729751626725,0.8158655364025937,3.46194114843463
122,31.04939216407825,32.22310113013301,10.794901103863468,52.308410094946865,52.9818559782419,26.523975992918555,13.751520918868351,0.9985540473579345,0.8095659980649351,3.7044604300285484
123,43.658120019959064,45.55925210690039,14.429389392388419,61.613261124931924,63.74922232435454,33.973749565784594,12.23994333025047,0.9985810900697518,0.765095364384351,4.3363040065458645
124,44.12159178942973,47.29581203456145,10.874325576582043,53.463342186999355,56.14869136975397,29.756102917999808,13.495233188966846,0.9989669427114617,0.7237762238467739,5.401955233889736
125,70.66707445967427,70.20973948648475,30.93774987272299,76.77888710493043,73.45211636419884,47.53363425208331,26.215820425143633,0.9969408326678766,0.659934691064376,6.533978788950378
126,46.28364952669597,44.53805591649036,17.35067738145508,69.3020518871792,65.51589743648101,35.50743449157515,11.716065577957,0.9984664391192319,0.7989105002373753,4.251529909611247
127,88.65569316308066,86.66182525544957,42.56069078036818,82.747373367492,80.25580782551016,64.99575890252768,13.254320466308458,0.9981822533184019,0.656672770616812,6.932411513913121
128,41.845161682509804,42.20974672327282,14.677310896395609,61.07381836731431,60.698848244733206,36.38771814483018,14.382346083200336,0.9984838543314145,0.7840805912945198,4.463672809070047
129,37.978625060924706,37.930520683283056,15.734103038112183,60.71072052288828,59.888024725274484,40.58902082325203,14.40124558047495,0.9983759849794267,0.8095832780441898,4.125774969410422
130,43.41574225745091,47.138604030818584,16.109471254935038,57.71598554523994,61.13795720351699,29.321736765728524,11.110949290703047,0.9989775738678359,0.7797782865582954,4.76979915421291
131,52.10968474018303,56.15235646102248,22.258453563521087,60.20428719910998,63.909648709235455,37.78791443001573,28.07028753297516,0.9972534818374158,0.6816598098072326,5.64649585975476
132,63.68783644280025,64.49169958500639,25.37764491034886,73.64450276909255,73.95885017598482,39.76721154399634,14.011704998969892,0.9982309954321985,0.7174359167835745,5.559425209041862
133,52.34085380349298,55.840592012684645,17.31834956363977,64.05904546994532,67.14668806393269,33.05843518979995,16.27042139188329,0.9982421107423116,0.7070657879587261,5.2175191634805
134,52.123403881161806,50.89161896718732,25.0190996929069,71.85105083869979,69.43983054601013,44.739958560753806,20.007420931763903,0.99722036230301,0.7548268798211847,4.783076644238983
135,41.24557280443992,42.94472287986534,14.287530616136518,61.72652750331411,63.33314078062183,31.00945933134736,13.501102686783671,0.9983590869435691,0.786352490066363,4.0320256312012885
136,39.57637688034369,41.49890163649107,12.933571713132274,58.5934952945602,60.231471304851546,27.847918015706163,23.74644462294104,0.9975538011484542,0.7432565359645917,4.690695671019662
137,36.60494663411559,35.25768935870117,15.930286573189075,64.72416306266213,60.91005909336627,36.05786251199464,12.453953121399147,0.9982388455379818,0.8175998897604634,3.6923662891729125
138,83.77852063407289,86.05290055893333,34.94402416797743,75.79739465793867,76.88333273950732,52.53331820140957,18.046304295084,0.9976422844869899,0.6188369005695126,6.956786807863339
139,42.37732106408284,44.37797671708175,17.650532971349193,58.619658522130194,60.934194526674396,33.07397976987225,14.913814787261103,0.998472428532066,0.7585401532261763,4.666279973035086
140,73.38247401902623,72.64001574725083,25.353260914795143,73.6737781098064,72.32498186304069,35.44738525486073,13.194087832969263,0.9983718957405805,0.6621385036125568,6.1918493043132425
141,53.923054489033916,57.22012319184327,26.130999613917357,62.2850745232462,64.4912939432162,40.10013793453046,21.63841810992259,0.9978543581621053,0.6987280237453033,5.62368760073455
142,71.88841126087644,72.78246685460606,23.81901046331003,71.87823565916449,71.71490343914613,37.171014779470276,7.549179119778831,0.9990960502032145,0.7329812080229434,5.553293527068952
143,64.54377804481526,63.43726410332397,22.90309976961685,73.07293216298987,70.7599379973532,34.82242210908768,10.994810750613762,0.9986280368257856,0.7035338847710529,5.34432136063781
144,47.61412577610029,52.151102687489804,14.833338218165279,59.3801615524693,63.10562639876437,29.548885689388683,39.06807568196018,0.9963856038751158,0.6680211269658946,5.672172906439665
145,68.11776316670267,73.42690210832966,24.62712196195114,61.66556360352012,64.35874024763795,34.908506383144186,9.317587417413574,0.9990854674921792,0.6795694636876934,6.245591224058869
146,38.50643947494208,40.037362089434396,14.557865538306672,58.99616997931446,60.370812789689694,33.06205984004648,17.621591448053014,0.9980540562672726,0.7778542150113881,4.368757126520821
147,26.663918496398068,25.641750767189993,9.438875374187173,57.1718398811866,54.286926679200036,25.369197269164943,13.99827870747124,0.9972725513969223,0.8773702069894873,2.608524196713172
148,54.674777658732616,55.17277614407287,12.949483239056077,69.60373495859925,69.3217803132116,26.022414266015865,12.150753390480258,0.99852395917726,0.7488078753528633,4.9067991188131685
149,62.61859521641072,62.30963104321557,19.372657316012805,68.982584010427,67.80401827428061,29.183394321078136,68.19091574922777,0.9926895960061255,0.6052703153878063,6.47842956429442
150,34.06085740741344,36.31121409060531,13.831599941671488,53.8151553999412,55.87486922944628,29.785180596420567,22.189401743813114,0.9977238803266446,0.7735939966155915,4.13383120518466
151,48.43299331284599,50.12820295716871,16.872042008107375,58.89339171917423,59.395700896928105,31.895283433070045,12.672953285004539,0.9989025293102114,0.7271370400823735,5.357830965529955
152,63.105421548332515,64.45050018869925,23.62212930186344,69.70565177866938,70.14715483587304,34.800249259981655,23.85721345399654,0.9972704180114543,0.6620309119810561,5.996968884700882
153,72.0758726571351,65.89993837874961,21.991156283142228,80.81012359667011,72.49119714841902,33.42438199020459,10.914367411928609,0.9985654885569263,0.7192359706609122,5.567039363484927
154,56.7173777353702,55.795902675331995,19.36661097958249,68.4784878438949,65.5831807601121,34.41291215093439,14.064382970449712,0.998553538077303,0.7221854815472916,5.310093734320931
155,47.93157616882269,46.952792260399896,19.659074552305153,67.79815257433322,65.40473042785963,37.06740785529863,12.670177165444121,0.998427792292877,0.7780298488404215,4.395864453630539
156,34.993618962121566,36.62977822501128,21.298855827622603,62.52094825934199,62.196307993510096,40.03490869015929,51.50559011321397,0.9937550079498555,0.7827029115324897,4.344378742801302
157,22.94307216850716,24.80634716971028,17.036249433269035,59.452180498471115,57.28604003004355,45.30076655933813,39.90449825831629,0.9926569645243001,0.8609343845403546,2.875608061540106
158,58.533207630324604,67.57111211702465,38.51933253656297,79.54334870454504,81.41739475515946,55.09601020762765,20.470000419909667,0.9974770059086645,0.7329932935013106,5.68005882612165
159,39.18961470254811,38.93407575542117,14.767843476958248,64.82720079174858,63.288171937939765,32.76335703925425,8.60686988422493,0.9988560497854962,0.8370917814758777,3.803189659109659
160,8.245216238270094,7.878022363321094,4.81969157996736,30.357777078878925,28.348441934502155,20.77814492623497,9.943433940585695,0.9976208879305499,0.9459757932612239,1.3047864917449141
161,6.906373336226852,6.352162905092593,3.7256510416666666,27.112510998406016,25.199813478354017,18.52708911999325,25.734667386690077,0.9943170429516786,0.9370093653743665,1.3439797527528299
162,7.818214337384259,9.067200882523148,5.9094827835648145,29.308320778637118,31.41545860297528,24.314777419549475,14.581114293754004,0.9974432711831208,0.9291186232628033,1.636601994722071
163,6.193700086805555,6.6104126880787035,3.904783347800926,25.942669090208447,26.2053776405691,20.2327080120948,13.20550375342605,0.997377419391759,0.9439604852811622,1.33845779344791
164,5.9456991464120375,5.715771846064815,4.116765769675926,26.512203230284292,25.000930204431082,20.259997693107163,11.447937275685755,0.9965418206150065,0.9558466700581972,1.0586869457532708
165,6.505093677662037,6.340904947916667,4.428096064814815,26.932222230631883,26.045328294629943,21.455728195234062,15.861874738153768,0.9965279061774072,0.9449530081398164,1.2924361361951548
166,5.930099464699074,5.611328486689815,3.559898003472222,26.28701148170182,24.98764785257234,20.218383226709715,16.8259543247064,0.9957791720947209,0.9490443275571518,1.1628247613135305
167,7.8650520833333335,7.9118055555555555,4.835758101851852,31.534143571533896,31.02856706881798,25.183444313295137,15.773929751266602,0.9963791908403761,0.9388532923635546,1.3801185516852785
168,8.274061776620371,9.079375361689815,5.416188512731481,29.63827374839764,30.793548102108772,23.485547163664965,7.400172954310809,0.9987215547107727,0.9394802291011385,1.5391743135094909
169,6.403780381944444,5.927612847222222,3.7846119068287036,28.253397726725648,25.8085026465291,21.021285459926627,19.276551342567977,0.9953826536288294,0.9449879742282903,1.2390319119372257
170,6.534779369212963,5.81609230324074,4.114906684027778,27.98578170698115,25.353646775383698,20.058023460314363,21.56181426703991,0.9935532850720135,0.9477022041053341,1.1419388152061725
171,5.724710141879767,5.783134954015254,3.5075478774113953,24.602873846807885,23.8925039337984,18.369406068281506,13.356985032297867,0.9970114539603728,0.9471868641010427,1.213902754085646
172,5.674258174189815,5.5785536024305555,3.788851634837963,26.51389542996531,25.542113812867207,21.008421603602645,14.825546770281003,0.9961052698908901,0.953285795224937,1.1230537126186697
173,4.482311921296296,4.188892867476852,2.680810185185185,21.996401426198645,20.225881676926665,16.06598639324845,13.98348216895258,0.996635120977986,0.9574513021134726,1.0158223531919741
174,8.015439453125,8.754548611111112,5.5473039641203705,29.373482611617188,30.249213495552056,23.516317836967676,16.983444009685023,0.9971363071638086,0.9255848158229454,1.6567539361226489
175,11.07968605324074,10.467875072337963,5.749770688657407,35.43571440345717,32.949124417434795,22.11298277277118,12.187399553279986,0.9977495909036821,0.9275453310353724,1.7472856521557936
176,4.955354817708334,5.028068214699074,2.4134031394675928,22.186805839932852,22.023758369855322,17.015831139704858,13.105277730631743,0.9976407433990195,0.9488655046311463,1.246867955905988
177,6.064143518518518,6.120293692129629,3.838560474537037,24.104924635547412,23.487732525643104,18.938434285399527,18.99918281685607,0.9969011029071649,0.9340062054934279,1.45651210713459
178,5.734600440271589,5.402251750477403,3.0698394069594737,23.25911428299073,21.698365000715732,17.726258146707544,13.2826859831344,0.9981567418348617,0.9337445562928895,1.527454341844208
179,6.493737340856481,5.901457971643518,4.348385778356482,27.097532666400586,24.800039095450888,21.266578924638733,10.281515524205332,0.9979096123369894,0.9428041368922386,1.3161796520361482
180,6.660179759837963,7.06126953125,4.7857447193287035,22.708908599927533,22.343008219556513,18.95227484426356,11.764198881215659,0.9987882349578099,0.9224047098454359,1.871387625604857
181,8.112832392939815,7.991255425347222,5.3089406105324075,26.58879561664236,25.74406073055946,21.248778122185133,11.785162743753823,0.9986038053072148,0.9215341849885224,1.8741103192726292
182,6.752611762152778,7.579908854166667,4.672399811921296,25.811675247454005,26.781240475879347,20.612619315244086,10.595332768107856,0.9983203767699067,0.9315961881489867,1.5774392490630629
183,6.531199725115741,5.746216724537037,4.202375217013889,24.414127684583438,22.362362459812893,19.44050328302015,25.670033918941723,0.9964179051792258,0.919740603939168,1.6564842670731152
184,6.86250904224537,7.082385706018519,4.30615234375,25.510433013149047,24.771659003094307,19.66946081026347,12.141318821813858,0.9983508981318723,0.9303326641656278,1.6421586038445313
185,6.427784288194444,7.1984241174768515,4.170345775462963,24.176027485939915,25.548612708016257,20.00021070047287,9.714996602241966,0.9986267602538654,0.9416156263337587,1.5506822782721494
186,4.781986762152778,4.576091579861111,2.780396050347222,22.05329968210536,20.49352937138402,17.3202858675634,19.638895191141465,0.9968611364799312,0.9403645793432995,1.332359756008535
187,5.644324363425926,5.907184968171296,3.2734259259259257,22.580779844699524,22.094390176750345,17.76242755752747,11.545432580000552,0.9984476660150006,0.9333999416756534,1.5509118406546216
188,4.473699001736111,4.9893594473379625,2.7420319733796297,19.98036475985583,20.033051429636444,16.480558848961813,13.774729778575445,0.9981755052260858,0.9452486048209743,1.4185526478825605
189,5.685817780671297,5.241750940393518,3.098515263310185,23.17316665018602,21.390333823090725,17.231120488113383,13.66762191728733,0.9977345657150626,0.9423719656676288,1.3450792844208586
190,8.142856987847223,8.840493706597222,6.275302010995371,30.344713986055144,31.100089086318874,27.360533456988836,10.962713568296412,0.9985280559330827,0.9194002762593935,1.8195004431010036
191,5.648364800347222,5.663285590277778,3.380820674189815,22.907136298818283,22.952267126784978,17.94793024498392,14.161846785664727,0.997419230822599,0.943800983355801,1.3212767130715521
192,11.182868561921296,10.904722945601852,7.490826099537037,37.399093305994356,36.14705304302057,30.495533760263093,14.422860640067045,0.997719820669977,0.9187917250466521,1.8834115071617903
193,4.895072337962963,5.359565972222223,2.6258210358796297,21.505515987895922,21.040824630765748,16.473306553001205,19.04690029995134,0.9976673559404466,0.9359189691629073,1.5828364064863902
194,4.613198061342593,4.910247395833333,2.6479680266203705,21.24235528001607,21.244951538708715,16.734509014320277,11.609889977896099,0.9978109975771581,0.9520632053213761,1.1842816688719033
195,4.626912254050926,5.461275318287037,2.655444878472222,19.305049017946768,21.511451632210974,15.231836859229812,11.454972042053853,0.9979274859739166,0.9545690078774773,1.1949749916678538
196,5.310384837962963,6.07487232349537,3.2979622395833332,21.982610369294086,23.587295489341166,17.721751216766577,9.850287903322279,0.9983128493202187,0.9519807757412742,1.303904009733528
197,6.138913483796296,6.106610966435185,3.871691261574074,25.489905351006662,24.901977751502518,20.4284848938021,13.800438953685726,0.9973712529129353,0.9423714460771967,1.3496325197424541
198,3.6665025946275946,3.7831568605006103,2.3557126322751323,19.060801656058835,18.192504690910997,15.45142720530207,9.387011184673202,0.998134491364781,0.9611107202956493,1.0143121008711744
199,6.1483394820601855,6.24744068287037,3.9499913194444445,23.78546861670934,23.34540611758132,18.857614782148758,10.525297840169515,0.9984216313891003,0.9417463998817386,1.4730714293492178
200,4.500337456597222,4.77729564525463,2.736875361689815,21.072471844088913,20.951783776324284,17.354643134530683,11.615806066960749,0.9981005755697963,0.9483803686460556,1.2692134353136248
201,5.305748336226852,5.854954427083333,2.7572800925925924,22.351952908934035,23.304817641305615,16.702946748198908,15.69172194404746,0.997180346738713,0.9432833871787643,1.323085871128281
202,8.157767288773147,8.28134765625,5.774122540509259,31.18580958095017,30.826742046627057,26.604562435682478,17.399653364258274,0.9970481094958198,0.9242217956867526,1.6507282017084322
203,6.637367621527778,6.816080005787037,4.327543764467593,26.199718229705333,25.96139665241571,20.633588206154986,16.861891147284815,0.9967846600598955,0.9367086937156248,1.4045134748382309
204,4.790677445023148,4.013770978009259,2.6316905381944444,23.36434703148036,20.55374934893442,17.05844492219301,12.017351378464834,0.9964130013105776,0.9588124429940895,0.928326562431624
205,4.554376085069444,4.060717592592592,2.3251197193287036,21.324233264475456,19.805800848666824,16.124148608041033,13.96803493924358,0.9968238837314077,0.9546771738057482,1.0429117993557107
206,7.318104383680556,8.617200882523148,3.6691927083333336,27.258085718665324,30.86729227772433,18.59424443357288,10.031914254703835,0.9976573618086815,0.9459679914180985,1.3425057984328648
207,5.204084067547724,5.034970893643801,2.9213515444724143,22.441424332295817,21.152501847540588,16.639410022338357,14.256938461340495,0.9975511384240737,0.9401670607156519,1.3183964930494767
208,4.803929036458333,4.120936414930555,2.587738353587963,21.72076419116521,19.583641232948366,16.34545980316588,18.015488313866047,0.996656501773313,0.9464996950157336,1.2050236647624115
209,4.989570377280265,4.698432687751717,3.197908893034826,23.045738968115337,21.846635478483723,18.59013723950315,11.405036344366845,0.9973538252690689,0.9578237074561841,1.0611868666388136
210,5.096058304398148,4.714877748842593,3.0424920428240743,21.90048965187698,20.509391907158832,16.877977017387025,15.748356622401943,0.9971735723091084,0.941220060564893,1.281336130143606
211,5.313182870370371,5.5704560908564815,3.1345703125,21.844455185117667,22.286585101662826,17.22490884520639,12.008596168410747,0.9979869834673742,0.9405351267751295,1.3425541237206673
212,6.221687282986111,5.71330005787037,4.006960720486111,24.541312000838914,22.94431400556589,19.7181324285604,11.437228045979392,0.9981499455909453,0.9383082433833633,1.4247280901425197
213,8.852673972800925,9.037532552083333,4.112124927662037,29.87890091732362,30.279762326138588,21.76941549024812,9.919503682933968,0.9985845772304847,0.9286747943791025,1.758019845022889
214,9.05540111400463,10.300458622685186,5.024530164930556,29.11436587479142,31.658033743176624,21.933463255500335,8.383028864051415,0.9988447482612742,0.9206086220257956,1.8800167342333323
215,8.125125868055555,8.997272497106481,6.650561704282407,30.991220760640196,30.719229245535747,26.411419648104797,25.98437121285189,0.9956488351859949,0.9241900038665858,1.705692277555829
216,5.030639105902778,4.895803674768518,2.968716362847222,22.076317359772197,21.05861651363643,17.255940305688004,12.221213647678267,0.9975880590747305,0.9543534039925636,1.1498428695352638
217,3.2444921875,3.3621943721064813,2.0383192274305557,18.11374772574973,18.08962497522647,15.868163459274614,10.833642613377245,0.9977921790090538,0.9603544548430412,0.9703194234778115
218,5.780980179398148,6.164556206597222,4.081283998842593,24.19795675057451,24.130607749391356,20.26837942211465,9.716387279555256,0.9984498802339397,0.9481888551189663,1.3700456944980286
219,5.679998191550926,6.112740885416667,3.545816333912037,23.384543044495892,23.665785803045424,19.446296113850956,14.785712176128728,0.9977406049997896,0.9466825815091156,1.4134730750559379
220,5.786928168402778,6.723112702546296,2.9471006944444444,22.87772754125442,24.44459787464732,17.811072119905145,9.642974935283378,0.998586930401906,0.9504540566956992,1.404242310091341
221,5.46670970775463,4.898849103009259,3.074240451388889,24.358024076765062,22.250228553772477,18.29654282209604,16.593323215352058,0.9962473482263696,0.9507667112878211,1.1373392997348517
222,5.954748987268519,5.5865288628472225,4.173983289930556,25.69737480460137,24.226248953038482,21.328030346690213,17.28196060215936,0.996226675134163,0.9444478674886034,1.258370670119791
223,5.745736400462963,5.305998625578703,3.4526645688657407,24.84581397014555,23.046156890199605,18.57574933092442,21.03243468925435,0.9952513546148914,0.9427790442066185,1.2244648891460326
224,5.3776218894675925,4.857293475115741,3.2409338831018517,23.43027227477422,21.90632622552282,18.83183649015631,12.55070844138884,0.997575837916885,0.9468966783083375,1.2069213872470068
225,5.06380957477169,4.542863513127854,2.8444292237442923,23.836719751634497,21.932730294084056,17.796788274187822,10.521723615875178,0.9972623161797886,0.9580213930013515,1.0204830587955107
226,5.155334242334906,6.007772884728774,2.3792038251768868,23.567213597678755,22.99906873694491,17.193246651364348,10.266770656611772,0.9987331604658362,0.9366160195389042,1.5908323384960705
227,5.249503761574074,5.224376085069444,2.7894173177083332,24.702691259919714,23.72100156270964,18.85897766812434,11.717361732547179,0.9973482053920917,0.9518360154857011,1.1226245121125595
228,7.152643590856481,6.477458405671296,5.030824291087963,27.725712118493423,25.68965549736477,22.292997835233226,7.630748475256365,0.9983943844550044,0.9429754473885877,1.325754778327297
229,8.91830910011574,8.528787254050926,6.550465856481481,35.81433983852944,33.52337083393415,28.27849067391244,7.251967137394628,0.9976324265930743,0.9458959515118456,1.2683561466737756
230,9.578199508101852,9.438116319444445,7.181667390046297,39.406850152919674,38.63536118011218,35.75266196420238,11.124634739345684,0.9972737249187844,0.9463053058351394,1.363808014746853
231,5.1686412727368864,5.038631226205584,2.7552258486675125,23.437075900010456,22.538950420022907,17.154020643062132,11.389027511456966,0.997116831549881,0.9531085139644251,1.0565791120932477
232,22.851509411439487,23.908961286188177,20.024192048652996,63.901257455763734,64.45045282528069,61.98799365580375,9.861111981836725,0.9983617153461194,0.9201445339453139,2.315045601283747
233,10.74826965669989,10.408502906976745,8.11062811461794,41.88032098451014,41.001590184550324,39.09272194302563,11.76062394902539,0.9978504289994251,0.9295765829609179,1.614943410781536
234,7.057710576314123,5.83965392125818,3.072167577052987,26.9058287897208,22.64491037303426,16.69608394669393,13.385054946323839,0.9976615207756317,0.9333717169554061,1.4226356495994277
235,9.462806206429125,8.119381777691713,4.463005502840176,36.29484753832264,32.01151002885259,23.635431053165515,17.62173354476796,0.9959916649667261,0.9317522725861904,1.5051320560012957
236,7.9754736290936785,6.832434072734197,3.3533848216552427,29.66448814200231,25.90653274637792,18.45410060833068,28.48224608052923,0.9947604734406273,0.9298786875665669,1.538337514186297
237,7.4481900095843425,7.236336322134786,4.64350692342615,29.688351682214606,27.738479278353147,21.304962675790904,13.041369732773775,0.997329856559785,0.940935180535372,1.4010077088534596
238,8.245852864583334,7.792105396412037,3.3971260127314813,32.016247488485845,29.95104560879423,19.65090466353957,22.209216071333614,0.9953432025558409,0.9403763785589303,1.435153912087464
239,6.949082392939815,8.548991608796296,5.374711371527778,25.35853261000769,28.307317355276897,21.582286465368608,16.184003483270953,0.9973996107058016,0.9338670365138294,1.5671873485660017
240,10.856187414266119,15.658136145404663,9.31318501371742,38.57215871390946,54.8143265727441,33.76828213400281,3.2606577102911145,0.9963583594775184,0.955673063959333,1.1078614995942966
241,1.003900891632373,10.215153463648834,3.4466015089163236,13.626453316323625,32.82633901659796,16.10634630819492,18.298177507404525,0.9968642667185231,0.9665641198070634,1.1262785668699715
242,14.989421296296296,22.58326217421125,2.8398859739369,37.630082251458354,55.234576686946745,16.970562359096412,10.031340503049725,0.9976958261607151,0.9117649571640367,1.9285271907449117
243,12.818304183813444,19.117602023319616,9.1115920781893,31.184158693705704,44.51113158014106,23.912054481071955,15.069126675821579,0.9977791521777691,0.8958451415180816,2.239705646455368
244,14.853804869684499,21.9769933127572,14.135788751714678,43.77998821848269,64.126811440197,42.00023698446218,3.1911391999483243,0.9971942275641413,0.9422677009739597,1.4475956939436407
245,17.24863940329218,22.66104938271605,15.608346193415638,49.42220567591425,64.79299098983688,44.96072764050673,3.0771581553672855,0.9969628713135315,0.9410622394208048,1.4672806517188246
246,25.807984396433472,33.86987482853223,20.998795438957476,59.562051221227605,77.6158377287932,49.377021440341565,10.340432828324616,0.9924863720993242,0.8853599082051145,2.3217994028829767
247,8.723217592592592,11.053718278463649,2.647648319615912,26.733849252478237,32.67054101139987,14.947685362969754,14.28203639793047,0.9974990552815561,0.9655752326028753,1.2637793957579238
248,1.021360596707819,8.412376543209877,3.200790466392318,13.79577928439451,30.314777632562528,16.229863921618612,18.35574071234838,0.9961812609271479,0.968874739020957,0.9795896957343178
249,16.87942644032922,22.949449588477368,7.54480109739369,42.00329719462183,56.15258456471857,22.64921117538443,9.241982498126983,0.997532079005081,0.911334017918352,1.9185366540870514
250,14.486938443072702,20.133827160493826,11.80699074074074,44.404684076589085,61.032697209773495,37.72097109460752,9.542311134186072,0.9916939642224745,0.9324699567730526,1.4841638200740412
251,12.44818501371742,18.165128600823046,2.1660802469135803,35.346283252435185,50.25052698541573,15.893537900077968,10.31323256875001,0.9971613585367772,0.9287110394583574,1.6057475970455695
252,6.4722685185185185,10.064862825788751,5.581237139917696,21.540639188697824,30.473771705347428,19.57105442857296,16.51187158072815,0.9972145648669998,0.9710739860989838,1.1496963358227281
253,19.477021604938273,25.060517832647463,17.631952160493828,53.75287353256986,68.7228799868171,48.978939699636115,12.668986237003807,0.9860231225764983,0.9131207981177758,1.7580962700082505
254,11.00511316872428,18.287722050754457,12.288849451303156,35.91350791855343,58.25074354547231,39.937265261024834,3.0253593185030714,0.9975611353534956,0.9500438756909266,1.274781035173502
255,12.5292609739369,18.56742112482853,4.641490912208504,37.131352242793355,54.096660839594534,18.568800833913688,17.73824144991363,0.9930146683247025,0.9185371154539811,1.6594595730581778
256,12.876447187928669,17.872932098765432,4.0633136145404665,36.46796467206055,49.469113583544406,17.21932042839796,10.117939704366929,0.9971412241918185,0.9281635776625813,1.600362014733397
257,22.602086762688614,32.355617283950615,16.23485853909465,51.976290117019225,73.7063694543717,39.02200508784329,14.333916634989695,0.9932841171545698,0.8784125631350759,2.4159411097862833
258,3.538898319615912,10.968042695473251,3.9539703360768175,16.020147935333707,32.16458280995369,16.744912616066298,17.249484757109446,0.9974939444614814,0.9610572044565476,1.2925944998830659
259,12.083760288065843,15.595889060356653,10.138479938271605,42.60162026697922,54.55899018386832,36.23168684224167,2.9472375924728205,0.9962107819385035,0.9565923713582505,1.0943039629294684
260,14.48451474622771,20.123359053497943,11.797904663923182,44.395119430017786,61.014845983163255,37.692570566692154,9.229704279281364,0.9919895587284159,0.9323567250016886,1.4872668209538231
261,14.625190329218107,17.467850651577503,7.255030864197531,46.4564918756807,55.40575777116649,25.051658809770103,12.04195134784522,0.9905762312358899,0.9288180515828177,1.4148453575735134
262,14.7597170781893,20.346585219478737,8.113784293552811,35.180958796685914,47.171748747379645,22.335144665354914,14.08366040164874,0.9977117634701259,0.8965515925835994,2.22960601434482
263,17.699957133058984,25.193882030178326,15.768585390946502,49.099893434920226,69.07557090984528,44.322358593425555,12.067471142660192,0.9887268917288778,0.9136530455123137,1.7541296948927643
264,3.1773422496570647,6.585617283950617,2.478960048010974,16.261116973962455,25.72692731404691,14.96953569825666,18.554856629769954,0.9956459359824004,0.9653069336337472,0.9111779011021262
265,11.66267232510288,25.250919067215364,4.394797668038409,29.290726989569087,58.3929766442638,17.168935904998698,13.551686950466575,0.9975205300598053,0.8864037221866251,2.3549340162369354
266,21.811661522633745,32.81753429355281,14.160177469135803,50.177189948230414,74.58424023052916,34.69603776752451,13.53875981139135,0.9938324758325203,0.8814629008884817,2.3776714900364793
267,13.4840329218107,18.192120198902607,10.63099622770919,34.38164402220607,44.95209074209662,28.145585083149815,12.459731711197193,0.9976691756981638,0.9112954686481993,1.9217587008099601
268,15.01065500685871,22.29141546639232,13.352271090534979,43.09978591917581,63.35327886628778,38.89829355730138,3.8915056443783267,0.9972085367229463,0.9405732545752206,1.4814469475798457
269,21.630446673525377,32.52076731824417,15.124645919067216,49.80281891350338,73.98895659955652,37.159233039107086,15.698819010824636,0.9930087844175725,0.8778960373572333,2.4252369228177164
270,2.6110313786008232,9.14989111796982,1.599755658436214,17.123252032467338,30.917384841388696,15.823083993969533,13.138013859856313,0.9976600512594298,0.9675997532604882,1.0863703403828535
271,3.1773422496570647,6.585617283950617,2.478960048010974,16.261116973962455,25.72692731404691,14.96953569825666,18.554856629769954,0.9956459359824004,0.9653069336337472,0.9111779011021262
272,3.682048182441701,7.850373799725651,2.8357398834019203,16.96067037583761,27.724061126771453,15.48362701970781,17.5286509961012,0.9965337933498873,0.9617620507457821,1.0401476689935525
273,2.741020233196159,12.873843449931412,1.6872659465020576,16.983925794081806,35.32046313263001,16.059911357036516,13.009900060425641,0.998354361767871,0.9591457647161328,1.399622773711529
274,2.143809156378601,12.4052872085048,1.286446330589849,15.547303052238561,35.76008041322968,14.753548262214089,14.644835192579931,0.9979000167825195,0.9543891610801385,1.3467847998310167
275,2.615374657064472,7.7285656721536355,2.0619624485596706,16.07124638269993,28.363136537577926,15.410484267760785,15.498404334367333,0.9968316434111387,0.9663806974281246,0.9947121002857837
276,3.564902263374486,7.720119170096022,2.7691898148148146,17.631813949280005,27.71282555966103,16.36288528639513,14.425610811233664,0.9971884914020325,0.9682969240108461,1.0067759356078319
277,2.5184585048010972,8.788234739368999,2.0025497256515776,15.076800263888249,30.600919977201183,14.498269208025883,17.30911124238405,0.9965308245010396,0.9582898932840126,1.0740573737482229
278,3.538898319615912,10.968042695473251,3.9539703360768175,16.020147935333707,32.16458280995369,16.744912616066298,17.249484757109446,0.9974939444614814,0.9610572044565476,1.2925944998830659
279,2.526707818930041,8.775444958847737,1.9988194444444445,15.046258860296007,30.601667048792955,14.461537469893024,17.378922634288493,0.9965020864454845,0.957921463529456,1.0748379351333108
280,9.430081447187929,16.87684585048011,7.706597222222222,25.64292696442226,41.730463528618316,22.39431304026194,10.630044380050247,0.9984084049808549,0.958407492059819,1.5141958362516286
281,9.107608882030178,15.718830589849109,7.482294238683128,25.924355813420977,40.92505320844386,22.668167092462614,10.35219017332609,0.998279564596091,0.9549756083910954,1.473458546846447
282,9.039583333333333,15.543233882030178,7.418599965706447,25.876811289550403,40.76068030363311,22.60698284639357,10.327430091793715,0.9982606005908424,0.9552076763042827,1.4611312735870303
283,6.785275205761317,12.240836762688614,5.499675925925926,22.315986524133727,35.79566536374811,19.649097436607683,12.794094246292783,0.9976790743082331,0.9590833252713613,1.263399535063633
284,9.312139060356653,16.658563957475994,7.628748285322359,25.56362036800504,41.52639763752513,22.371847120064228,10.503966046970298,0.9984095601983745,0.9588208909548313,1.4984610537802956
285,6.786277434842249,12.248269032921812,5.498127572016461,22.310504731224423,35.78147293965778,19.64147633239317,13.36131073309819,0.997583401034778,0.9590888342136912,1.2628348512515455
286,5.7041246570644715,9.445045438957475,4.782450274348422,21.981619039092564,32.425290931600976,19.747191912791045,11.652485175765605,0.9971840154436113,0.971896883574427,0.9873090855486366
287,6.775324074074074,12.422466563786008,5.483479938271605,22.008826383219944,35.7907226105596,19.35624116611234,13.26777041707701,0.997678694363325,0.9598831110673604,1.272442573615538
288,7.043349622770919,12.873004972565157,5.690972222222222,22.435927425261585,36.37395539404346,19.712083399334052,13.165939830072734,0.9977638853740066,0.958577500387889,1.3097895240868516
289,8.225259773662552,14.732950960219478,6.6778926611796985,24.174460988909935,38.81140534885703,21.181705885381746,11.131571290826994,0.998256742849426,0.9551885891671683,1.465492831259251
290,5.342707475994513,8.714940843621399,4.478419924554184,20.25565794574391,29.296729418444592,18.26345462113203,18.42210901144402,0.9963740662332077,0.951722669715032,1.2707027280499714
291,5.2224854252400545,8.545636145404664,4.424477880658436,20.033845686042937,28.993486520608318,18.17458796164224,18.577239732318695,0.9963434514483392,0.9516019793644497,1.2692224822295606
292,6.5250985939643344,9.185420953360769,4.432694615912209,23.591552052004683,31.321558168022204,18.261298675426108,18.668897041633265,0.9956395240474972,0.9514960262188028,1.2462249517295274
293,5.162353395061729,8.496138545953361,4.373312757201646,19.777420805401604,28.83850973729957,17.9267913702814,20.348053203323662,0.9960239981072425,0.9514876677147035,1.2726914848870714
294,4.21434756515775,8.449705075445817,3.4278669410150893,17.970860255545052,29.218734909894586,16.386441934218137,19.47069241116936,0.9961668554956042,0.9504860127228636,1.2614269334519832
295,4.139855109739369,8.411388031550068,3.368656550068587,17.613494864754948,29.120788893724136,16.076825436432518,21.751528885119786,0.9957550132710311,0.9503709450795391,1.2653774911516684
296,5.079048353909465,8.35965963648834,4.33033864883402,19.66703536795336,28.590390904019596,17.904166833215868,20.324970737373107,0.9960356197810127,0.9515836571735588,1.2706705495069635
297,4.229909122085048,8.476879286694102,3.4332741769547326,17.975865025478956,29.26124768326383,16.396498672606306,19.512779425409793,0.9961575565500368,0.9504370383221615,1.261537319983012
298,3.020071159122085,4.03016975308642,2.667959533607682,17.013954550492944,20.401904302844674,15.991247482365416,22.977592148176527,0.9917488635647433,0.973339301151519,0.7159528719311483
299,5.209704218106996,8.54457647462277,4.410735596707819,19.957799561535804,28.96324991999876,18.09831427896269,19.303189913834185,0.9962102587431113,0.9516261831597723,1.2695397457056723
300,2.161076817558299,5.131677812071331,2.579162379972565,14.728200943233947,22.751201462428003,15.474045666362601,19.84774000094069,0.9946725719935603,0.9715315235978643,0.7647747154247526
301,4.887383401920439,7.612620884773663,5.179633058984911,19.26745812693789,26.502651406168575,19.926970761255955,21.156751334807005,0.9959043416587794,0.9567637829213025,1.1920166239891905
302,3.842417695473251,6.358022119341563,3.211178840877915,18.72145531230721,27.20218609520604,16.97868029016556,15.254070594697097,0.9946252827326787,0.9726137989125306,0.7599314504740163
303,2.266084533607682,4.22417438271605,1.827573731138546,15.073961937033566,21.360687407598718,14.207658859896668,19.726802991136463,0.9927024138414832,0.9750276059178983,0.6288042523641598
304,4.870868484224966,8.459689643347051,4.022835219478738,20.069625364219895,30.8302581422706,17.97878376376116,14.207265252322873,0.9961895242914901,0.967060117852494,0.9312795032521657
305,2.2645927640603567,4.229209533607682,1.8280787037037036,15.067058840486332,21.3891479628207,14.224931195586953,20.05296455082786,0.9925868667576795,0.9750421846591215,0.627730755952842
306,2.133751714677641,3.8601354595336077,1.470494684499314,14.675901847815764,19.526553242488013,13.565360833864876,22.90378699632541,0.9929538475629267,0.9725273991613663,0.6705941072081567
307,1.9109990446796001,3.4268867577895357,1.5818287037037038,14.496165119895457,19.455905225630055,13.922008346820121,21.82826982396353,0.9900677746164603,0.9783916145078823,0.5297015579193948
308,4.887383401920439,7.612620884773663,5.179633058984911,19.26745812693789,26.502651406168575,19.926970761255955,21.156751334807005,0.9959043416587794,0.9567637829213025,1.1920166239891905
309,4.823227880658436,7.544337277091906,5.132690329218107,19.082808564833318,26.353895106649404,19.772220043728066,20.601877456874067,0.996009439859008,0.9568562297668656,1.190627794537774
310,3.5773328189300413,8.875021433470508,2.76119341563786,17.574383083338795,29.101413429391382,16.358948636639155,13.34858410615443,0.9978391060606094,0.967338915409867,1.1460327020655137
311,4.70781207133059,17.567908093278465,3.5629089506172837,17.633252088941852,38.20415357107245,16.594580938909136,12.250049865582437,0.9988944007993671,0.9475837198246841,1.8970000389934487
312,8.730666152263375,15.207209362139917,7.2166418038408775,24.979742744559278,39.01789740027171,22.143057091040042,10.127869180117893,0.998500168868556,0.9614475097449279,1.4581351064815329
313,11.32267232510288,20.471116255144032,9.187875514403292,26.932381390782528,44.554405781117005,23.313583597494038,9.525713487211686,0.9988199118978003,0.9522224385937614,1.7844745651757181
314,4.5496579218107,16.4011951303155,3.574727366255144,17.914566576209292,37.355411024329925,17.00959823986557,11.776878705501893,0.9988721611085885,0.9504376658785672,1.8073158318132814
315,4.55281207133059,7.623783436213992,3.7866863854595336,19.87243764867525,29.137586826463473,17.937510046762597,12.012715965889019,0.9966709804073116,0.9741266951024128,0.8551178836472819
316,4.171840706447188,6.939438443072702,3.4803335048010973,19.259495860993315,27.983204885283097,17.435381061188682,11.751281198914626,0.9964209817066375,0.9767153608823123,0.7853757436952729
317,7.330698731138546,12.949565329218107,5.9930975651577505,23.32668327433302,37.190539539065696,20.489105209712427,12.112808730585474,0.9977627592235201,0.9595113250894673,1.274780108294894
318,2.5844538751714676,6.170956790123457,3.075022290809328,15.686316389259655,24.350985981864106,16.452813110274352,15.525127610359856,0.9967271097740262,0.9735360966048894,0.8667218827971974
319,3.5773328189300413,8.875021433470508,2.76119341563786,17.574383083338795,29.101413429391382,16.358948636639155,13.34858410615443,0.9978391060606094,0.967338915409867,1.1460327020655137
320,12.312003645833334,17.3943421875,9.538678125,38.17969314739385,52.77565072401594,31.000850792131164,23.352178531630663,0.9888241257138263,0.923073429686739,1.6182956558612098
321,6.9675671875,9.211116666666667,6.317959895833333,28.33602962087621,35.90855693289629,26.270790119138184,21.928705810580126,0.9897743309236386,0.9492366450454693,1.1204797069773624
322,10.8188171875,15.268145833333334,8.307013541666667,35.43785144412615,48.61946515092556,28.85058117875445,26.174219760289006,0.9882356436790377,0.9295443038663207,1.5157288582941493
323,10.436754832146491,14.076063750423872,8.154542556798916,36.429391964398874,47.91626323915155,29.991128301915257,16.4850030223723,0.9902453515489044,0.9354229785516514,1.3260947218537043
324,4.765835964219942,5.879454091028677,2.9781254932912393,24.06668672467477,29.191930922035915,17.505508820196287,37.33157878075223,0.981653176273805,0.9609398789233153,0.862513967692803
325,3.5428529542605247,4.4890554859060945,3.0183588115555198,21.282854580838983,24.651430233478965,19.82636613841543,15.357880775533399,0.9909385430741076,0.9751810977830484,0.6058760653517173
326,3.011960842188115,4.018504525777253,2.5346015348288073,19.077769070817553,22.60076426632425,17.823605972111714,12.008875323507503,0.99360425378835,0.9786222985464117,0.5828262439538969
327,3.7706317708333335,4.9720546875,3.0344192708333333,20.39132825049941,24.341963227049067,18.495423482390507,13.328377858800843,0.9945223942000716,0.9691540068865457,0.7483157938835008
328,5.8616609375,8.351053125,4.278759375,22.45548571877898,28.725558727436923,19.36993252231878,16.56840221032728,0.9966760058636166,0.9388851448900462,1.323480433185723
329,3.135654434830207,4.057833849133666,2.6264889787153414,20.094956306025413,23.34085592309621,18.677066220857792,17.267555890742567,0.9900940284595967,0.975144819409648,0.5950731337948691
330,15.940752734375,16.96575703125,5.40827734375,41.0751228162606,43.27408466045629,21.976427077907356,25.29341862368981,0.9954195966869908,0.8824138847899832,2.2401523028079504
331,17.44666015625,19.722698828125,5.4566734375,38.17733290618678,42.38773831119339,20.03075309827321,20.195003186660287,0.9976863912343721,0.8491493704710849,2.8441569818393977
332,9.562440625,11.57422265625,2.658913671875,29.400891242543132,34.513791779932674,16.13470709394475,8.410359129802242,0.9984198839846898,0.936866035555376,1.475572311759841
333,9.139516796875,12.466490625,3.662351171875,26.187490876805374,33.86137635081876,16.93098825204072,8.844210335004561,0.9989209226481636,0.901840838383341,2.091731881676924
334,10.174556640625,15.599051953125,3.369237109375,25.10415938945354,33.70026127204852,18.474290927805193,8.556300594595548,0.9993049134639527,0.8842623927658092,2.561788499788627
335,16.712128190445025,20.131190281413613,5.010728893979057,34.482239089976545,40.28146540097059,18.03145952586702,18.153156586141336,0.9983197189171213,0.8348047941119798,3.1378173212925304
336,13.155267915575916,15.594521433246074,4.264492392015707,33.58804764067449,38.72214401263918,18.832508058998293,7.821116663526107,0.9989179934045791,0.905412476726551,2.07747639486775
337,8.227326171875,10.834803515625,2.849936328125,23.37337856506748,28.245194647380732,16.712455241264177,10.33059303445741,0.9990418615680149,0.8891670154696688,2.240764517372188
338,9.767591214005236,11.234522251308901,4.151619764397906,29.598049587972497,33.429854965454034,17.799061289352363,9.749905320855632,0.9983087410854492,0.9164122561491561,1.7355558658191352
339,10.9099375,14.828253125,4.44630390625,28.467837781693987,36.603458488555795,18.78051557244944,8.86092090681627,0.999059778531924,0.8847468621365479,2.4333133293224227
340,11.816629296875,13.5702828125,3.24094375,32.828600856107286,36.99874268574907,17.02697643676312,15.907573645983788,0.9973507155104021,0.9016806526892778,1.925196349351239
341,11.68576640625,13.255551171875,3.462151171875,32.943646334476234,36.83326072385767,16.702629736734902,8.210249345275601,0.9985486266074346,0.9147649650748295,1.7800636081329957
342,12.062128665360747,15.068978754660591,3.4839936291022187,29.96576978298738,35.83116656055828,17.762700404218542,15.824013210311875,0.998232661438872,0.8690177460933973,2.4266971473950214
343,13.115778960637696,15.83837815192061,3.915280152017865,33.31193429652964,38.35906512109331,20.961531752631075,17.137280442853452,0.9979237178945108,0.8693328004750239,2.4029837250233896
344,12.54508859115798,14.764016932558135,3.0178852951283064,32.729769691534784,37.80752982016419,15.70826346584663,12.483315100726958,0.9981320748910001,0.8941210136764961,2.0568940483277816
345,13.75389296875,15.660058984375,3.26255,32.7424602377848,36.650218491797844,16.108535450887523,13.075600480163002,0.9985859514027722,0.8688060276076337,2.5847673816355066
346,14.488029102735156,16.98008463975984,2.5230716310873915,35.39687299096023,40.80821423797391,16.367538521910205,9.480859415281053,0.9986617125893507,0.8998781141885845,2.1552278851033035
347,15.102021269141177,18.74523626849624,4.844839798564888,33.89757626704385,40.0783023351223,20.0576897159227,11.111370482283709,0.9988454872877118,0.8549933503725224,2.731649632619755
348,27.24373177083333,42.67215989583333,20.698385416666667,50.65135939820752,78.03370693656643,39.32562403480015,9.689870302651933,0.9974666183729315,0.8635055308992394,3.035185327428241
349,12.618137846544013,15.807329289253524,3.52111254022478,30.336294541133956,36.41984986363061,17.655465232135782,16.740831567688623,0.9982088515530835,0.8627255960792188,2.5336697560146066
350,10.506739453125,13.22242265625,3.1225578125,30.1223624994542,36.752741352339875,16.41083069066267,15.755952799025025,0.9973797776056021,0.8975436204686069,1.9370404046910468
351,9.4629125,14.673106640625,2.989854296875,23.97997751025516,32.7299858648911,17.146666511463184,8.34252639742739,0.9992942909926146,0.8912823744507858,2.423176884448771
352,6.43737421875,8.18190546875,1.747030078125,23.38095725984124,28.130397611399655,14.479065611573533,10.58215378899013,0.9979095397637164,0.9364360162906996,1.3032394319028986
353,12.821096484375,15.33218515625,3.920306640625,33.67809649856226,38.305103383354364,21.37557537931076,9.638320856010594,0.9987474749053004,0.8885156634973124,2.1930625778210837
354,19.179560910983,20.86401646021358,4.824379675015208,41.7621316336259,45.04290700329285,18.27235017294977,14.594693699379711,0.9981015538429177,0.8568254099286459,2.7536460408029604
355,22.98094140625,24.561605078125,5.44685625,42.752290116524804,45.323067217498085,20.779826172079396,22.449096595034664,0.9979769048295096,0.7977390120445464,3.704427016452511
356,4.697284953880152,5.699579600384185,2.4366677564886863,21.598633137254552,24.24145608410147,17.11208848036444,8.615334229351262,0.9979835364047801,0.9542178216986625,1.04506104183536
357,10.331960312791647,12.216087499547166,3.0807725946767457,30.27031550962816,34.81170701223266,17.42517824588412,10.031055140290992,0.9983279837253548,0.9152378687601221,1.7186321631749797
358,17.30716306202701,19.815672299302566,3.656111348122867,41.45204714564777,46.7065053097032,19.175452307877144,9.378990315239383,0.9985444855506449,0.8999446628825711,2.3352292476639462
359,26.83757919325433,39.88589277575205,21.936448837739288,53.91188369212002,76.47222985561585,45.3968790351415,172.92967192341894,0.962046777814775,0.7868942823387308,3.8932152811013183
